"11111","New","300","2025-10-10","123"
"11102","*****Dummy_Data_For_11102*****","37","-","17"
"11103","*****Dummy_Data_For_11103*****","331","-","16"
"11104","*****Dummy_Data_For_11104*****","378","-","16"
"11105","*****Dummy_Data_For_11105*****","835","-","17"
"11106","*****Dummy_Data_For_11106*****","879","-","16"
"11107","*****Dummy_Data_For_11107*****","226","-","16"
"11108","*****Dummy_Data_For_11108*****","660","-","16"
"11109","*****Dummy_Data_For_11109*****","34","-","16"
"11110","*****Dummy_Data_For_11110*****","828","-","16"
"11201","*****Dummy_Data_For_11201*****","351","-","24"
"11202","*****Dummy_Data_For_11202*****","720","-","23"
"11203","*****Dummy_Data_For_11203*****","421","-","23"
"11204","*****Dummy_Data_For_11204*****","921","-","24"
"11205","*****Dummy_Data_For_11205*****","901","-","25"
"11206","*****Dummy_Data_For_11206*****","480","-","22"
"11207","*****Dummy_Data_For_11207*****","581","-","24"
"11208","*****Dummy_Data_For_11208*****","758","-","24"
"11209","*****Dummy_Data_For_11209*****","127","-","24"
"11210","*****Dummy_Data_For_11210*****","369","-","23"
"12101","*****Dummy_Data_For_12101*****","942","2022-01-31","18"
"12102","*****Dummy_Data_For_12102*****","446","2022-02-25","17"
"12103","*****Dummy_Data_For_12103*****","141","2022-03-30","13"
"12104","*****Dummy_Data_For_12104*****","983","2022-04-10","16"
"12105","*****Dummy_Data_For_12105*****","657","2022-05-12","19"
"12106","*****Dummy_Data_For_12106*****","336","2022-06-22","14"
"12107","*****Dummy_Data_For_12107*****","441","2022-07-30","17"
"12108","*****Dummy_Data_For_12108*****","361","2022-08-31","15"
"12109","*****Dummy_Data_For_12109*****","50","2022-09-30","15"
"12110","*****Dummy_Data_For_12110*****","673","2022-10-10","14"
"12111","*****Dummy_Data_For_12111*****","725","2022-11-11","16"
"12112","*****Dummy_Data_For_12112*****","652","2022-12-25","13"
"12113","*****Dummy_Data_For_12113*****","128","2022-01-31","18"
"12114","*****Dummy_Data_For_12114*****","533","2022-02-25","13"
"12115","*****Dummy_Data_For_12115*****","437","2022-03-30","14"
"12116","*****Dummy_Data_For_12116*****","822","2022-04-10","13"
"12117","*****Dummy_Data_For_12117*****","380","2022-05-12","14"
"12118","*****Dummy_Data_For_12118*****","465","2022-06-22","19"
"12119","*****Dummy_Data_For_12119*****","701","2022-07-30","17"
"12120","*****Dummy_Data_For_12120*****","407","2022-08-31","15"
"12201","*****Dummy_Data_For_12201*****","267","2022-09-30","29"
"12202","*****Dummy_Data_For_12202*****","598","2022-10-10","29"
"12203","*****Dummy_Data_For_12203*****","458","2022-11-11","37"
"12204","*****Dummy_Data_For_12204*****","326","2022-12-25","36"
"12205","*****Dummy_Data_For_12205*****","175","2022-01-31","30"
"12206","*****Dummy_Data_For_12206*****","751","2022-02-25","30"
"12207","*****Dummy_Data_For_12207*****","741","2022-03-30","34"
"12208","*****Dummy_Data_For_12208*****","246","2022-04-10","31"
"12209","*****Dummy_Data_For_12209*****","232","2022-05-12","29"
"12210","*****Dummy_Data_For_12210*****","392","2022-06-22","36"
"13101","*****Dummy_Data_For_13101*****","447","2022-07-30","30"
"13102","*****Dummy_Data_For_13102*****","297","2022-08-31","30"
"13103","*****Dummy_Data_For_13103*****","607","2022-09-30","30"
"13104","*****Dummy_Data_For_13104*****","796","2022-10-10","26"
"13105","*****Dummy_Data_For_13105*****","726","2022-11-11","30"
"13201","*****Dummy_Data_For_13201*****","811","2022-12-25","35"
"13202","*****Dummy_Data_For_13202*****","704","2022-01-31","40"
"13203","*****Dummy_Data_For_13203*****","226","2022-02-25","40"
"13204","*****Dummy_Data_For_13204*****","501","2022-03-30","31"
"13205","*****Dummy_Data_For_13205*****","742","2022-04-10","38"
"13206","*****Dummy_Data_For_13206*****","117","2022-05-12","33"
"13207","*****Dummy_Data_For_13207*****","192","2022-06-22","32"
"13208","*****Dummy_Data_For_13208*****","678","2022-07-30","32"
"13209","*****Dummy_Data_For_13209*****","690","2022-08-31","34"
"13210","*****Dummy_Data_For_13210*****","311","2022-09-30","36"
"13211","*****Dummy_Data_For_13211*****","579","2022-10-10","40"
"13212","*****Dummy_Data_For_13212*****","947","2022-11-11","36"
"13213","*****Dummy_Data_For_13213*****","187","2022-12-25","36"
"13214","*****Dummy_Data_For_13214*****","940","2022-01-31","39"
"13215","*****Dummy_Data_For_13215*****","764","2022-02-25","36"
"14101","*****Dummy_Data_For_14101*****","750","2022-03-30","34"
"14102","*****Dummy_Data_For_14102*****","717","2022-04-10","33"
"14103","*****Dummy_Data_For_14103*****","288","2022-05-12","37"
"14104","*****Dummy_Data_For_14104*****","442","2022-06-22","32"
"14105","*****Dummy_Data_For_14105*****","519","2022-07-30","33"
"14106","*****Dummy_Data_For_14106*****","690","2022-08-31","34"
"14107","*****Dummy_Data_For_14107*****","645","2022-09-30","36"
"14108","*****Dummy_Data_For_14108*****","213","2022-10-10","32"
"14109","*****Dummy_Data_For_14109*****","873","2022-11-11","32"
"14110","*****Dummy_Data_For_14110*****","8","2022-12-25","34"
"14201","*****Dummy_Data_For_14201*****","610","2022-01-31","40"
"14202","*****Dummy_Data_For_14202*****","403","2022-02-25","43"
"14203","*****Dummy_Data_For_14203*****","98","2022-03-30","38"
"14204","*****Dummy_Data_For_14204*****","941","2022-04-10","40"
"14205","*****Dummy_Data_For_14205*****","916","2022-05-12","41"
"14206","*****Dummy_Data_For_14206*****","30","2022-06-22","42"
"14207","*****Dummy_Data_For_14207*****","462","2022-07-30","38"
"14208","*****Dummy_Data_For_14208*****","625","2022-08-31","39"
"14209","*****Dummy_Data_For_14209*****","261","2022-09-30","39"
"14210","*****Dummy_Data_For_14210*****","327","2022-10-10","38"
"15101","*****Dummy_Data_For_15101*****","682","2022-11-11","29"
"15102","*****Dummy_Data_For_15102*****","154","2022-12-25","29"
"15103","*****Dummy_Data_For_15103*****","656","2022-01-31","26"
"15104","*****Dummy_Data_For_15104*****","613","2022-02-25","37"
"15105","*****Dummy_Data_For_15105*****","157","2022-03-30","34"
"15106","*****Dummy_Data_For_15106*****","449","2022-04-10","36"
"15107","*****Dummy_Data_For_15107*****","118","2022-05-12","28"
"15108","*****Dummy_Data_For_15108*****","269","2022-06-22","36"
"15109","*****Dummy_Data_For_15109*****","730","2022-07-30","34"
"15110","*****Dummy_Data_For_15110*****","492","2022-08-31","34"
"21111","*****Dummy_Data_For_21111*****","675","2022-09-30","49"
"21112","*****Dummy_Data_For_21112*****","332","2022-10-10","35"
"21113","*****Dummy_Data_For_21113*****","974","2022-11-11","35"
"21114","*****Dummy_Data_For_21114*****","512","2022-12-25","35"
"21115","*****Dummy_Data_For_21115*****","203","2022-01-31","49"
"21116","*****Dummy_Data_For_21116*****","741","2022-02-25","31"
"21117","*****Dummy_Data_For_21117*****","808","2022-03-30","48"
"21118","*****Dummy_Data_For_21118*****","888","2022-04-10","31"
"21119","*****Dummy_Data_For_21119*****","723","2022-05-12","29"
"21120","*****Dummy_Data_For_21120*****","731","2022-06-22","25"
"21121","*****Dummy_Data_For_21121*****","751","2022-07-30","36"
"21122","*****Dummy_Data_For_21122*****","717","2022-08-31","26"
"21123","*****Dummy_Data_For_21123*****","330","2022-09-30","47"
"21124","*****Dummy_Data_For_21124*****","458","2022-10-10","46"
"21125","*****Dummy_Data_For_21125*****","713","2022-11-11","34"
"21126","*****Dummy_Data_For_21126*****","346","2022-12-25","43"
"21127","*****Dummy_Data_For_21127*****","130","2022-01-31","27"
"21128","*****Dummy_Data_For_21128*****","787","2022-02-25","39"
"21129","*****Dummy_Data_For_21129*****","563","2022-03-30","41"
"21130","*****Dummy_Data_For_21130*****","431","2022-04-10","26"
"21131","*****Dummy_Data_For_21131*****","412","2022-05-12","31"
"21132","*****Dummy_Data_For_21132*****","286","2022-06-22","50"
"21133","*****Dummy_Data_For_21133*****","95","2022-07-30","30"
"21134","*****Dummy_Data_For_21134*****","995","2022-08-31","49"
"21135","*****Dummy_Data_For_21135*****","993","2022-09-30","29"
"21201","*****Dummy_Data_For_21201*****","543","2022-10-10","53"
"21202","*****Dummy_Data_For_21202*****","209","2022-11-11","55"
"21203","*****Dummy_Data_For_21203*****","428","2022-12-25","53"
"21204","*****Dummy_Data_For_21204*****","70","2022-01-31","53"
"21205","*****Dummy_Data_For_21205*****","234","2022-02-25","52"
"21206","*****Dummy_Data_For_21206*****","602","2022-03-30","51"
"21207","*****Dummy_Data_For_21207*****","867","2022-04-10","50"
"21208","*****Dummy_Data_For_21208*****","525","2022-05-12","54"
"21209","*****Dummy_Data_For_21209*****","129","2022-06-22","52"
"21210","*****Dummy_Data_For_21210*****","976","2022-07-30","50"
"21211","*****Dummy_Data_For_21211*****","858","2022-08-31","56"
"21212","*****Dummy_Data_For_21212*****","314","2022-09-30","56"
"21213","*****Dummy_Data_For_21213*****","351","2022-10-10","60"
"21214","*****Dummy_Data_For_21214*****","345","2022-11-11","60"
"21215","*****Dummy_Data_For_21215*****","372","2022-12-25","52"
"21216","*****Dummy_Data_For_21216*****","895","2022-01-31","54"
"21217","*****Dummy_Data_For_21217*****","59","2022-02-25","62"
"21218","*****Dummy_Data_For_21218*****","617","2022-03-30","55"
"21219","*****Dummy_Data_For_21219*****","943","2022-04-10","51"
"21220","*****Dummy_Data_For_21220*****","425","2022-05-12","62"
"21221","*****Dummy_Data_For_21221*****","47","2022-06-22","56"
"21222","*****Dummy_Data_For_21222*****","58","2022-07-30","60"
"21223","*****Dummy_Data_For_21223*****","471","2022-08-31","57"
"21224","*****Dummy_Data_For_21224*****","58","2022-09-30","50"
"21225","*****Dummy_Data_For_21225*****","887","2022-10-10","55"
"21226","*****Dummy_Data_For_21226*****","783","2022-11-11","55"
"21227","*****Dummy_Data_For_21227*****","962","2022-12-25","50"
"21228","*****Dummy_Data_For_21228*****","460","2022-01-31","61"
"21229","*****Dummy_Data_For_21229*****","64","2022-02-25","60"
"21230","*****Dummy_Data_For_21230*****","123","2022-03-30","55"
"21231","*****Dummy_Data_For_21231*****","58","2022-04-10","58"
"21232","*****Dummy_Data_For_21232*****","940","2022-05-12","55"
"21233","*****Dummy_Data_For_21233*****","336","2022-06-22","54"
"21234","*****Dummy_Data_For_21234*****","16","2022-07-30","55"
"21235","*****Dummy_Data_For_21235*****","788","2022-08-31","58"
"22101","*****Dummy_Data_For_22101*****","424","2022-09-30","34"
"22102","*****Dummy_Data_For_22102*****","986","2022-10-10","40"
"22103","*****Dummy_Data_For_22103*****","878","2022-11-11","40"
"22104","*****Dummy_Data_For_22104*****","434","2022-12-25","30"
"22105","*****Dummy_Data_For_22105*****","478","2022-01-31","42"
"22106","*****Dummy_Data_For_22106*****","178","2022-02-25","25"
"22107","*****Dummy_Data_For_22107*****","523","2022-03-30","40"
"22108","*****Dummy_Data_For_22108*****","590","2022-04-10","38"
"22109","*****Dummy_Data_For_22109*****","657","2022-05-12","33"
"22110","*****Dummy_Data_For_22110*****","875","2022-06-22","33"
"22111","*****Dummy_Data_For_22111*****","742","2022-07-30","40"
"22112","*****Dummy_Data_For_22112*****","251","2022-08-31","32"
"22113","*****Dummy_Data_For_22113*****","274","2022-09-30","26"
"22114","*****Dummy_Data_For_22114*****","235","2022-10-10","45"
"22115","*****Dummy_Data_For_22115*****","333","2022-11-11","36"
"22116","*****Dummy_Data_For_22116*****","968","2022-12-25","43"
"22117","*****Dummy_Data_For_22117*****","879","2022-01-31","32"
"22118","*****Dummy_Data_For_22118*****","383","2022-02-25","38"
"22119","*****Dummy_Data_For_22119*****","849","2022-03-30","47"
"22120","*****Dummy_Data_For_22120*****","46","2022-04-10","41"
"22121","*****Dummy_Data_For_22121*****","604","2022-05-12","25"
"22122","*****Dummy_Data_For_22122*****","417","2022-06-22","46"
"22123","*****Dummy_Data_For_22123*****","858","2022-07-30","27"
"22124","*****Dummy_Data_For_22124*****","872","2022-08-31","46"
"22125","*****Dummy_Data_For_22125*****","1000","2022-09-30","33"
"22126","*****Dummy_Data_For_22126*****","706","2022-10-10","31"
"22127","*****Dummy_Data_For_22127*****","940","2022-11-11","27"
"22128","*****Dummy_Data_For_22128*****","768","2022-12-25","30"
"22129","*****Dummy_Data_For_22129*****","524","2022-01-31","33"
"22130","*****Dummy_Data_For_22130*****","20","2022-02-25","36"
"22201","*****Dummy_Data_For_22201*****","236","2022-03-30","40"
"22202","*****Dummy_Data_For_22202*****","0","2022-04-10","61"
"22203","*****Dummy_Data_For_22203*****","233","2022-05-12","52"
"22204","*****Dummy_Data_For_22204*****","398","2022-06-22","49"
"22205","*****Dummy_Data_For_22205*****","496","2022-07-30","44"
"22206","*****Dummy_Data_For_22206*****","280","2022-08-31","44"
"22207","*****Dummy_Data_For_22207*****","883","2022-09-30","54"
"22208","*****Dummy_Data_For_22208*****","3","2022-10-10","53"
"22209","*****Dummy_Data_For_22209*****","353","2022-11-11","59"
"22210","*****Dummy_Data_For_22210*****","825","2022-12-25","55"
"31101","*****Dummy_Data_For_31101*****","481","2022-01-31","34"
"32101","*****Dummy_Data_For_32101*****","787","2022-02-25","46"
"33101","*****Dummy_Data_For_33101*****","390","2022-03-30","47"
"33102","*****Dummy_Data_For_33102*****","771","2022-04-10","26"
"33103","*****Dummy_Data_For_33103*****","597","2022-05-12","50"
"34101","*****Dummy_Data_For_34101*****","321","2022-06-22","45"
"34102","*****Dummy_Data_For_34102*****","998","2022-07-30","42"
"34103","*****Dummy_Data_For_34103*****","665","2022-08-31","45"
"34104","*****Dummy_Data_For_34104*****","295","2022-09-30","51"
"34105","*****Dummy_Data_For_34105*****","306","2022-10-10","61"
"34106","*****Dummy_Data_For_34106*****","973","2022-11-11","50"
"34107","*****Dummy_Data_For_34107*****","900","2022-12-25","39"
"34108","*****Dummy_Data_For_34108*****","308","2022-01-31","55"
"34109","*****Dummy_Data_For_34109*****","350","2022-02-25","39"
"34110","*****Dummy_Data_For_34110*****","191","2022-03-30","56"
"34111","*****Dummy_Data_For_34111*****","318","2022-04-10","61"
"34112","*****Dummy_Data_For_34112*****","19","2022-05-12","45"
"34113","*****Dummy_Data_For_34113*****","748","2022-06-22","48"
"34114","*****Dummy_Data_For_34114*****","656","2022-07-30","40"
"34115","*****Dummy_Data_For_34115*****","579","2022-08-31","50"
"34116","*****Dummy_Data_For_34116*****","548","2022-09-30","45"
"34117","*****Dummy_Data_For_34117*****","825","2022-10-10","44"
"34118","*****Dummy_Data_For_34118*****","281","2022-11-11","38"
"34119","*****Dummy_Data_For_34119*****","693","2022-12-25","61"
"34120","*****Dummy_Data_For_34120*****","980","2022-01-31","53"
"34121","*****Dummy_Data_For_34121*****","504","2022-02-25","62"
"34122","*****Dummy_Data_For_34122*****","640","2022-03-30","54"
"34123","*****Dummy_Data_For_34123*****","736","2022-04-10","45"
"34124","*****Dummy_Data_For_34124*****","75","2022-05-12","38"
"34125","*****Dummy_Data_For_34125*****","402","2022-06-22","42"
"34126","*****Dummy_Data_For_34126*****","115","2022-07-30","58"
"34127","*****Dummy_Data_For_34127*****","827","2022-08-31","46"
"34128","*****Dummy_Data_For_34128*****","99","2022-09-30","52"
"34129","*****Dummy_Data_For_34129*****","525","2022-10-10","42"
"34130","*****Dummy_Data_For_34130*****","901","2022-11-11","38"
"34131","*****Dummy_Data_For_34131*****","566","2022-12-25","43"
"34132","*****Dummy_Data_For_34132*****","492","2022-01-31","57"
"34133","*****Dummy_Data_For_34133*****","835","2022-02-25","62"
"34134","*****Dummy_Data_For_34134*****","617","2022-03-30","57"
"34135","*****Dummy_Data_For_34135*****","211","2022-04-10","43"
"35101","*****Dummy_Data_For_35101*****","90","2022-05-12","40"
"35102","*****Dummy_Data_For_35102*****","70","2022-06-22","44"
"35103","*****Dummy_Data_For_35103*****","597","2022-07-30","43"
"35104","*****Dummy_Data_For_35104*****","561","2022-08-31","40"
"35105","*****Dummy_Data_For_35105*****","584","2022-09-30","43"
"35201","*****Dummy_Data_For_35201*****","271","2022-10-10","61"
"35202","*****Dummy_Data_For_35202*****","863","2022-11-11","53"
"35203","*****Dummy_Data_For_35203*****","947","2022-12-25","52"
"35204","*****Dummy_Data_For_35204*****","703","2022-01-31","62"
"35205","*****Dummy_Data_For_35205*****","467","2022-02-25","53"
"36101","*****Dummy_Data_For_36101*****","350","2022-03-30","26"
"36102","*****Dummy_Data_For_36102*****","896","2022-04-10","31"
"36103","*****Dummy_Data_For_36103*****","126","2022-05-12","25"
"36104","*****Dummy_Data_For_36104*****","816","2022-06-22","30"
"36105","*****Dummy_Data_For_36105*****","645","2022-07-30","30"
"36106","*****Dummy_Data_For_36106*****","786","2022-08-31","28"
"36107","*****Dummy_Data_For_36107*****","522","2022-09-30","29"
"36108","*****Dummy_Data_For_36108*****","488","2022-10-10","27"
"36109","*****Dummy_Data_For_36109*****","198","2022-11-11","25"
"36110","*****Dummy_Data_For_36110*****","686","2022-12-25","30"
"36111","*****Dummy_Data_For_36111*****","978","2022-01-31","27"
"36112","*****Dummy_Data_For_36112*****","177","2022-02-25","29"
"36113","*****Dummy_Data_For_36113*****","281","2022-03-30","29"
"36114","*****Dummy_Data_For_36114*****","787","2022-04-10","28"
"36115","*****Dummy_Data_For_36115*****","15","2022-05-12","29"
"37101","*****Dummy_Data_For_37101*****","467","2022-06-22","28"
"37102","*****Dummy_Data_For_37102*****","761","2022-07-30","29"
"37103","*****Dummy_Data_For_37103*****","742","2022-08-31","30"
"37104","*****Dummy_Data_For_37104*****","501","2022-09-30","27"
"37105","*****Dummy_Data_For_37105*****","12","2022-10-10","29"
"38101","*****Dummy_Data_For_38101*****","49","2022-11-11","39"
"38102","*****Dummy_Data_For_38102*****","922","2022-12-25","39"
"38103","*****Dummy_Data_For_38103*****","855","2022-01-31","42"
"38104","*****Dummy_Data_For_38104*****","945","2022-02-25","42"
"38105","*****Dummy_Data_For_38105*****","991","2022-03-30","38"
"38106","*****Dummy_Data_For_38106*****","498","2022-04-10","42"
"38107","*****Dummy_Data_For_38107*****","280","2022-05-12","39"
"38108","*****Dummy_Data_For_38108*****","757","2022-06-22","37"
"38109","*****Dummy_Data_For_38109*****","267","2022-07-30","42"
"38110","*****Dummy_Data_For_38110*****","649","2022-08-31","41"
"39101","*****Dummy_Data_For_39101*****","87","2022-09-30","49"
"39102","*****Dummy_Data_For_39102*****","648","2022-10-10","40"
"39103","*****Dummy_Data_For_39103*****","399","2022-11-11","41"
"39104","*****Dummy_Data_For_39104*****","681","2022-12-25","44"
"39105","*****Dummy_Data_For_39105*****","942","2022-01-31","41"
"39106","*****Dummy_Data_For_39106*****","971","2022-02-25","41"
"39107","*****Dummy_Data_For_39107*****","605","2022-03-30","40"
"39108","*****Dummy_Data_For_39108*****","925","2022-04-10","41"
"39109","*****Dummy_Data_For_39109*****","450","2022-05-12","40"
"39110","*****Dummy_Data_For_39110*****","67","2022-06-22","46"
"39111","*****Dummy_Data_For_39111*****","770","2022-07-30","47"
"39112","*****Dummy_Data_For_39112*****","142","2022-08-31","46"
"39113","*****Dummy_Data_For_39113*****","449","2022-09-30","50"
"39114","*****Dummy_Data_For_39114*****","382","2022-10-10","44"
"39115","*****Dummy_Data_For_39115*****","90","2022-11-11","37"
"39116","*****Dummy_Data_For_39116*****","198","2022-12-25","40"
"39117","*****Dummy_Data_For_39117*****","150","2022-01-31","38"
"39118","*****Dummy_Data_For_39118*****","248","2022-02-25","46"
"39119","*****Dummy_Data_For_39119*****","422","2022-03-30","39"
"39120","*****Dummy_Data_For_39120*****","633","2022-04-10","37"
"41101","*****Dummy_Data_For_41101*****","79","-","122"
"41102","*****Dummy_Data_For_41102*****","596","-","92"
"41103","*****Dummy_Data_For_41103*****","76","-","106"
"41104","*****Dummy_Data_For_41104*****","511","-","90"
"41105","*****Dummy_Data_For_41105*****","388","-","78"
"41106","*****Dummy_Data_For_41106*****","332","-","120"
"41107","*****Dummy_Data_For_41107*****","873","-","104"
"41108","*****Dummy_Data_For_41108*****","679","-","101"
"41109","*****Dummy_Data_For_41109*****","336","-","122"
"41110","*****Dummy_Data_For_41110*****","744","-","105"
"41111","*****Dummy_Data_For_41111*****","185","-","119"
"41112","*****Dummy_Data_For_41112*****","138","-","117"
"41113","*****Dummy_Data_For_41113*****","430","-","81"
"41114","*****Dummy_Data_For_41114*****","248","-","103"
"41115","*****Dummy_Data_For_41115*****","698","-","114"
"41116","*****Dummy_Data_For_41116*****","445","-","89"
"41117","*****Dummy_Data_For_41117*****","495","-","108"
"41118","*****Dummy_Data_For_41118*****","916","-","110"
"41119","*****Dummy_Data_For_41119*****","29","-","103"
"41120","*****Dummy_Data_For_41120*****","388","-","122"
"41121","*****Dummy_Data_For_41121*****","320","-","119"
"41122","*****Dummy_Data_For_41122*****","73","-","88"
"41123","*****Dummy_Data_For_41123*****","598","-","103"
"41124","*****Dummy_Data_For_41124*****","816","-","84"
"41125","*****Dummy_Data_For_41125*****","975","-","81"
"41126","*****Dummy_Data_For_41126*****","920","-","112"
"41127","*****Dummy_Data_For_41127*****","73","-","117"
"41128","*****Dummy_Data_For_41128*****","184","-","95"
"41129","*****Dummy_Data_For_41129*****","333","-","104"
"41130","*****Dummy_Data_For_41130*****","793","-","110"
"41131","*****Dummy_Data_For_41131*****","354","-","110"
"41132","*****Dummy_Data_For_41132*****","555","-","91"
"41133","*****Dummy_Data_For_41133*****","311","-","119"
"41134","*****Dummy_Data_For_41134*****","481","-","117"
"41135","*****Dummy_Data_For_41135*****","728","-","101"
"41201","*****Dummy_Data_For_41201*****","372","-","174"
"41202","*****Dummy_Data_For_41202*****","122","-","172"
"41203","*****Dummy_Data_For_41203*****","626","-","204"
"41204","*****Dummy_Data_For_41204*****","502","-","203"
"41205","*****Dummy_Data_For_41205*****","643","-","177"
"41206","*****Dummy_Data_For_41206*****","751","-","163"
"41207","*****Dummy_Data_For_41207*****","863","-","228"
"41208","*****Dummy_Data_For_41208*****","360","-","154"
"41209","*****Dummy_Data_For_41209*****","408","-","196"
"41210","*****Dummy_Data_For_41210*****","861","-","169"
"41211","*****Dummy_Data_For_41211*****","375","-","131"
"41212","*****Dummy_Data_For_41212*****","97","-","156"
"41213","*****Dummy_Data_For_41213*****","931","-","229"
"41214","*****Dummy_Data_For_41214*****","4","-","236"
"41215","*****Dummy_Data_For_41215*****","915","-","166"
"41216","*****Dummy_Data_For_41216*****","317","-","244"
"41217","*****Dummy_Data_For_41217*****","284","-","133"
"41218","*****Dummy_Data_For_41218*****","967","-","246"
"41219","*****Dummy_Data_For_41219*****","70","-","126"
"41220","*****Dummy_Data_For_41220*****","99","-","142"
"41221","*****Dummy_Data_For_41221*****","373","-","185"
"41222","*****Dummy_Data_For_41222*****","671","-","179"
"41223","*****Dummy_Data_For_41223*****","563","-","197"
"41224","*****Dummy_Data_For_41224*****","238","-","211"
"41225","*****Dummy_Data_For_41225*****","762","-","133"
"41226","*****Dummy_Data_For_41226*****","947","-","190"
"41227","*****Dummy_Data_For_41227*****","273","-","140"
"41228","*****Dummy_Data_For_41228*****","548","-","225"
"41229","*****Dummy_Data_For_41229*****","84","-","247"
"41230","*****Dummy_Data_For_41230*****","788","-","167"
"41231","*****Dummy_Data_For_41231*****","569","-","136"
"41232","*****Dummy_Data_For_41232*****","239","-","212"
"41233","*****Dummy_Data_For_41233*****","600","-","194"
"41234","*****Dummy_Data_For_41234*****","420","-","171"
"41235","*****Dummy_Data_For_41235*****","926","-","212"
"41236","*****Dummy_Data_For_41236*****","69","-","162"
"41237","*****Dummy_Data_For_41237*****","463","-","147"
"41238","*****Dummy_Data_For_41238*****","455","-","190"
"41239","*****Dummy_Data_For_41239*****","752","-","165"
"41240","*****Dummy_Data_For_41240*****","299","-","242"
"41241","*****Dummy_Data_For_41241*****","224","-","156"
"41242","*****Dummy_Data_For_41242*****","303","-","136"
"41243","*****Dummy_Data_For_41243*****","120","-","159"
"41244","*****Dummy_Data_For_41244*****","861","-","184"
"41245","*****Dummy_Data_For_41245*****","861","-","170"
"41246","*****Dummy_Data_For_41246*****","420","-","177"
"41247","*****Dummy_Data_For_41247*****","260","-","178"
"41248","*****Dummy_Data_For_41248*****","974","-","215"
"41249","*****Dummy_Data_For_41249*****","19","-","189"
"41250","*****Dummy_Data_For_41250*****","404","-","231"
"41251","*****Dummy_Data_For_41251*****","311","-","228"
"41252","*****Dummy_Data_For_41252*****","798","-","183"
"41253","*****Dummy_Data_For_41253*****","415","-","201"
"41254","*****Dummy_Data_For_41254*****","18","-","127"
"41255","*****Dummy_Data_For_41255*****","179","-","244"
"41256","*****Dummy_Data_For_41256*****","406","-","159"
"41257","*****Dummy_Data_For_41257*****","913","-","227"
"41258","*****Dummy_Data_For_41258*****","902","-","167"
"41259","*****Dummy_Data_For_41259*****","332","-","141"
"41260","*****Dummy_Data_For_41260*****","96","-","248"
"42101","*****Dummy_Data_For_42101*****","600","-","479"
"42102","*****Dummy_Data_For_42102*****","156","-","938"
"42103","*****Dummy_Data_For_42103*****","310","-","780"
"42104","*****Dummy_Data_For_42104*****","943","-","1116"
"42105","*****Dummy_Data_For_42105*****","846","-","845"
"51106","*****Dummy_Data_For_51106*****","773","2022-01-31","497"
"51107","*****Dummy_Data_For_51107*****","367","2022-02-25","432"
"51108","*****Dummy_Data_For_51108*****","966","2022-03-30","378"
"51109","*****Dummy_Data_For_51109*****","43","2022-04-10","369"
"51110","*****Dummy_Data_For_51110*****","680","2022-05-12","453"
"51111","*****Dummy_Data_For_51111*****","835","2022-06-22","318"
"51112","*****Dummy_Data_For_51112*****","682","2022-07-30","438"
"51113","*****Dummy_Data_For_51113*****","746","2022-08-31","327"
"51114","*****Dummy_Data_For_51114*****","351","2022-09-30","257"
"51115","*****Dummy_Data_For_51115*****","884","2022-10-10","318"
"51116","*****Dummy_Data_For_51116*****","514","2022-11-11","366"
"51117","*****Dummy_Data_For_51117*****","214","2022-12-25","407"
"51118","*****Dummy_Data_For_51118*****","208","2022-01-31","402"
"51119","*****Dummy_Data_For_51119*****","25","2022-02-25","296"
"51120","*****Dummy_Data_For_51120*****","402","2022-03-30","362"
"51121","*****Dummy_Data_For_51121*****","146","2022-04-10","276"
"51122","*****Dummy_Data_For_51122*****","577","2022-01-31","381"
"51123","*****Dummy_Data_For_51123*****","77","2022-02-25","498"
"51124","*****Dummy_Data_For_51124*****","443","2022-03-30","364"
"51125","*****Dummy_Data_For_51125*****","521","2022-04-10","484"
"51126","*****Dummy_Data_For_51126*****","59","2022-05-12","388"
"51127","*****Dummy_Data_For_51127*****","463","2022-06-22","262"
"51128","*****Dummy_Data_For_51128*****","896","2022-07-30","362"
"51129","*****Dummy_Data_For_51129*****","970","2022-08-31","341"
"51130","*****Dummy_Data_For_51130*****","463","2022-09-30","333"
"51131","*****Dummy_Data_For_51131*****","792","2022-10-10","446"
"51132","*****Dummy_Data_For_51132*****","150","2022-11-11","283"
"51133","*****Dummy_Data_For_51133*****","617","2022-12-25","345"
"51134","*****Dummy_Data_For_51134*****","882","2022-01-31","312"
"51135","*****Dummy_Data_For_51135*****","611","2022-02-25","277"
"51136","*****Dummy_Data_For_51136*****","994","2022-03-30","472"
"51137","*****Dummy_Data_For_51137*****","257","2022-04-10","251"
"51138","*****Dummy_Data_For_51138*****","962","2022-01-31","303"
"51139","*****Dummy_Data_For_51139*****","907","2022-02-25","431"
"51140","*****Dummy_Data_For_51140*****","186","2022-03-30","332"
"51141","*****Dummy_Data_For_51141*****","229","2022-04-10","363"
"51142","*****Dummy_Data_For_51142*****","114","2022-05-12","283"
"51143","*****Dummy_Data_For_51143*****","446","2022-06-22","257"
"51144","*****Dummy_Data_For_51144*****","295","2022-07-30","455"
"51145","*****Dummy_Data_For_51145*****","143","2022-08-31","349"
"51146","*****Dummy_Data_For_51146*****","428","2022-09-30","339"
"51147","*****Dummy_Data_For_51147*****","528","2022-10-10","476"
"51148","*****Dummy_Data_For_51148*****","466","2022-11-11","473"
"51149","*****Dummy_Data_For_51149*****","135","2022-12-25","469"
"51150","*****Dummy_Data_For_51150*****","886","2022-01-31","413"
"51151","*****Dummy_Data_For_51151*****","208","2022-02-25","394"
"51152","*****Dummy_Data_For_51152*****","678","2022-03-30","393"
"51153","*****Dummy_Data_For_51153*****","575","2022-04-10","267"
"51154","*****Dummy_Data_For_51154*****","173","2022-01-31","434"
"51155","*****Dummy_Data_For_51155*****","280","2022-02-25","366"
"61156","*****Dummy_Data_For_61156*****","381","2022-03-30","373"
"61157","*****Dummy_Data_For_61157*****","181","2022-04-10","315"
"61158","*****Dummy_Data_For_61158*****","989","2022-05-12","341"
"61159","*****Dummy_Data_For_61159*****","15","2022-06-22","357"
"61160","*****Dummy_Data_For_61160*****","513","2022-07-30","294"
"61161","*****Dummy_Data_For_61161*****","105","2022-08-31","346"
"61162","*****Dummy_Data_For_61162*****","574","2022-09-30","371"
"61163","*****Dummy_Data_For_61163*****","285","2022-10-10","347"
"61164","*****Dummy_Data_For_61164*****","994","2022-11-11","304"
"61165","*****Dummy_Data_For_61165*****","987","2022-12-25","334"
"61166","*****Dummy_Data_For_61166*****","946","2022-01-31","314"
"61167","*****Dummy_Data_For_61167*****","38","2022-02-25","323"
"61168","*****Dummy_Data_For_61168*****","735","2022-03-30","367"
"61169","*****Dummy_Data_For_61169*****","576","2022-04-10","338"
"61170","*****Dummy_Data_For_61170*****","734","2022-01-31","281"
"61171","*****Dummy_Data_For_61171*****","152","2022-02-25","302"
"61172","*****Dummy_Data_For_61172*****","302","2022-03-30","332"
"61173","*****Dummy_Data_For_61173*****","533","2022-04-10","357"
"61174","*****Dummy_Data_For_61174*****","989","2022-05-12","262"
"61175","*****Dummy_Data_For_61175*****","418","2022-06-22","265"
"61176","*****Dummy_Data_For_61176*****","861","2022-07-30","350"
"61177","*****Dummy_Data_For_61177*****","496","2022-08-31","307"
"61178","*****Dummy_Data_For_61178*****","829","2022-09-30","262"
"61179","*****Dummy_Data_For_61179*****","886","2022-10-10","364"
"61180","*****Dummy_Data_For_61180*****","190","2022-11-11","313"
"61181","*****Dummy_Data_For_61181*****","397","2022-12-25","335"
"61182","*****Dummy_Data_For_61182*****","750","2022-01-31","253"
"61183","*****Dummy_Data_For_61183*****","251","2022-02-25","261"
"61184","*****Dummy_Data_For_61184*****","607","2022-03-30","370"
"61185","*****Dummy_Data_For_61185*****","48","2022-04-10","344"
"61186","*****Dummy_Data_For_61186*****","43","2022-01-31","287"
"61187","*****Dummy_Data_For_61187*****","704","2022-02-25","298"
"61188","*****Dummy_Data_For_61188*****","200","2022-03-30","344"
"61189","*****Dummy_Data_For_61189*****","59","2022-04-10","367"
"61190","*****Dummy_Data_For_61190*****","857","2022-05-12","299"
"62101","*****Dummy_Data_For_62101*****","876","2022-06-22","317"
"62102","*****Dummy_Data_For_62102*****","872","2022-07-30","332"
"62103","*****Dummy_Data_For_62103*****","853","2022-08-31","260"
"62104","*****Dummy_Data_For_62104*****","51","2022-09-30","255"
"62105","*****Dummy_Data_For_62105*****","13","2022-10-10","283"
"62106","*****Dummy_Data_For_62106*****","227","2022-11-11","250"
"62107","*****Dummy_Data_For_62107*****","565","2022-12-25","361"
"62108","*****Dummy_Data_For_62108*****","177","2022-01-31","330"
"62109","*****Dummy_Data_For_62109*****","119","2022-02-25","309"
"62110","*****Dummy_Data_For_62110*****","734","2022-03-30","338"
"62111","*****Dummy_Data_For_62111*****","681","2022-04-10","262"
"62112","*****Dummy_Data_For_62112*****","267","2022-01-31","341"
"62113","*****Dummy_Data_For_62113*****","799","2022-02-25","277"
"62114","*****Dummy_Data_For_62114*****","679","2022-03-30","351"
"62115","*****Dummy_Data_For_62115*****","813","2022-04-10","330."
"62115","*****Dummy_Data_For_62115*****","813","2022-04-10","330."
"62115","*****Dummy_Data_For_62115*****","813","2022-04-10","330."
